sn,year,month,day,mag,depth,lat,lon,location
816,2021,12,30,2.2,14,41.3,129.17,북한 함경북도 길주 북북서쪽 41km 지역
815,2021,12,30,2.3,19,41.31,129.21,북한 함경북도 길주 북북서쪽 41km 지역
814,2021,12,17,3.2,18,33.12,126.18,제주 서귀포시 서남서쪽 38km 해역
813,2021,12,15,2.3,10,35.79,127.8,경남 거창군 북서쪽 15km 지역
812,2021,12,15,2.8,14,33.14,126.15,제주 서귀포시 서남서쪽 40km 해역
811,2021,12,14,4.9,17,33.09,126.16,제주 서귀포시 서남서쪽 41km 해역
810,2021,12,9,2.6,17,33.85,125.51,전남 신안군 흑산도 남쪽 91km 해역
809,2021,12,4,2.3,20,38.02,124.52,인천 옹진군 백령도 서북서쪽 16km 해역
808,2021,11,22,2.1,7,35.48,127.11,전북 순창군 북북서쪽 12km 지역
807,2021,11,19,2.2,11,33.85,124.77,전남 신안군 흑산도 남남서쪽 109km 해역
806,2021,11,17,2.9,19,35.66,129.75,울산 동구 동북동쪽 35km 해역
805,2021,11,16,2.1,8,34.5,125.9,전남 진도군 서쪽 33km 해역
804,2021,11,16,2.1,18,35.06,125.06,전남 신안군 흑산도 북서쪽 54km 해역
803,2021,11,12,2.1,8,36.15,129.38,경북 포항시 북구 북쪽 12km 지역
802,2021,10,22,2.4,14,36.9,128.22,충북 제천시 남쪽 26km 지역
801,2021,10,19,2.2,22,35.9,129.75,경북 포항시 남구 동남동쪽 37km 해역
800,2021,10,19,2.8,,40.41,127.27,북한 함경남도 장진 북동쪽 4km 지역
799,2021,10,19,2.6,,40.37,127.28,북한 함경남도 장진 동남동쪽 4km 지역
798,2021,10,17,2.4,33,41.26,129.45,북한 함경북도 길주 북북동쪽 36km 지역
797,2021,10,11,2.5,20,41.29,129.2,북한 함경북도 길주 북북서쪽 39km 지역
796,2021,10,11,2.4,25,41.3,129.18,북한 함경북도 길주 북북서쪽 40km 지역
795,2021,10,10,2.1,7,35.1,125.06,전남 신안군 흑산도 북서쪽 58km 해역
794,2021,10,6,2.5,13,35.25,127.86,경남 하동군 북북동쪽 23km 지역
793,2021,9,23,2.6,16,35.42,128.49,경남 창녕군 남쪽 14km 지역
792,2021,9,20,2.2,8,34.88,127.25,전남 보성군 북동쪽 20km 지역
791,2021,9,17,2.2,10,36.71,126.11,충남 태안군 서남서쪽 17km 해역
790,2021,9,14,2.2,16,35.41,128.78,경남 밀양시 남남동쪽 11km 지역
789,2021,9,12,2.1,13,35.53,128.53,경남 창녕군 동남동쪽 4km 지역
788,2021,9,11,2.1,8,41.29,129.15,북한 함경북도 길주 북북서쪽 40km 지역
787,2021,9,1,2.4,15,41.3,129.13,북한 함경북도 길주 북북서쪽 42km 지역
786,2021,8,29,2.6,15,36.98,125.02,충남 태안군 서격렬비도 북서쪽 62km 해역
785,2021,8,29,2.2,9,35.31,128.49,경남 함안군 동북동쪽 9km 지역
784,2021,8,28,2.2,15,35,127.73,전남 광양시 북북동쪽 7km 지역
783,2021,8,26,2.3,17,35.07,125.12,전남 신안군 흑산도 북북서쪽 52km 해역
782,2021,8,21,4,7,35.7,124.7,전북 군산시 어청도 서남서쪽 124km 해역
781,2021,8,20,2.1,5,38.37,127.99,북한 강원 회양 남동쪽 50km 지역
780,2021,8,18,2.1,,35.1,129.84,부산 기장군 동남동쪽 58km 해역
779,2021,8,15,2,18,35.1,129.78,부산 기장군 동남동쪽 53km 해역
778,2021,8,1,2.2,13,35.65,129.53,울산 북구 동북동쪽 17km 해역
777,2021,7,31,2.5,22,35.65,128.4,대구 달성군 남남서쪽 14km 지역
776,2021,7,26,2.2,14,36.32,128.21,경북 상주시 남남동쪽 11km 지역
775,2021,7,7,2.3,20,36.77,128.46,경북 예천군 북쪽 14km 지역
774,2021,6,14,2.4,20,35.81,129.77,경북 포항시 남구 동남동쪽 43km 해역
773,2021,6,13,2.5,15,41.29,129.13,북한 함경북도 길주 북북서쪽 41km 지역
772,2021,6,13,2,26,36.97,130.34,경북 울릉군 울릉도 남서쪽 76km 해역
771,2021,6,7,2.1,13,33.68,128.07,전남 여수시 거문도 동남동쪽 80km 해역
770,2021,5,30,2.4,9,38.73,126.06,북한 황해북도 연산 남서쪽 23km 지역
769,2021,5,26,2.2,,35.83,124.56,충남 태안군 서격렬비도 남서쪽 124km 해역
768,2021,5,13,2,10,35.89,127.33,전북 완주군 동쪽 15km 지역
767,2021,5,4,2,19,35.89,129.67,경북 포항시 남구 동남동쪽 31km 해역
766,2021,4,30,2.1,7,35.52,128.88,경남 밀양시 동쪽 12km 지역
765,2021,4,29,2,18,35.65,129.83,울산 동구 동북동쪽 41km 해역
764,2021,4,28,2.5,20,35.65,129.79,울산 동구 동북동쪽 37km 해역
763,2021,4,25,2.3,5,37.48,124.36,인천 옹진군 백령도 남남서쪽 60km 해역
762,2021,4,23,2.2,6,40.49,127.51,북한 함경남도 장진 동북동쪽 26km 지역
761,2021,4,20,2.6,15,35.08,125.05,전남 신안군 흑산도 북서쪽 57km 해역
760,2021,4,19,2.7,20,41.28,129.13,북한 함경북도 길주 북북서쪽 40km 지역
759,2021,4,19,3.7,15,35.07,125.08,전남 신안군 흑산도 북서쪽 54km 해역
758,2021,4,16,2.2,11,37.29,127.71,경기 여주시 동쪽 7km 지역
757,2021,4,13,2,13,36.02,126.91,전북 익산시 북북서쪽 9km 지역
756,2021,3,16,2.6,18,35.76,129.19,경북 경주시 남남서쪽 11km 지역
755,2021,2,21,2.2,18,35.47,126.34,전남 영광군 북서쪽 27km 해역
754,2021,2,15,2.5,14,35.99,126.84,전북 군산시 동북동쪽 10km 지역
753,2021,2,10,2.1,9,37.32,126.24,인천 옹진군 서남서쪽 38km 해역
752,2021,2,8,2.3,24,40.64,127.62,북한 함경남도 장진 북동쪽 43km 지역
751,2021,2,8,3.2,24,40.67,127.45,북한 함경남도 장진 북북동쪽 37km 지역
750,2021,2,6,2.7,5,35.81,127.53,전북 장수군 북쪽 18km 지역
749,2021,2,3,2.2,8,37.32,126.24,인천 옹진군 서남서쪽 38km 해역
748,2021,1,24,2.1,11,35.84,125.14,전북 군산시 어청도 서남서쪽 81km 해역
747,2021,1,14,2.1,,36.86,125.43,충남 태안군 서격렬비도 북북서쪽 30km 해역
746,2020,12,23,2.2,12,37.73,126.73,경기 파주시 남서쪽 6km 지역
745,2020,12,18,2.7,16,37.66,129.32,강원 동해시 북동쪽 24km 해역
744,2020,12,15,2.3,16,37.7,125.17,북한 황해남도 옹진 남남서쪽 31km 해역
743,2020,11,19,3.1,15,37.99,125.37,북한 황해남도 옹진 북쪽 7km 지역
742,2020,11,17,2.6,,41.28,129.18,북한 함경북도 길주 북북서쪽 38km 지역
741,2020,11,15,2.1,17,35.76,129.18,경북 경주시 남남서쪽 11km 지역
740,2020,11,8,2.9,9,36.41,128.22,경북 상주시 동쪽 5km 지역
739,2020,11,6,2,8,36.43,128.14,경북 상주시 북서쪽 3km 지역
738,2020,11,4,2.4,22,35.84,129.79,경북 포항시 남구 동남동쪽 43km 해역
737,2020,11,4,2.2,23,35.83,129.78,경북 포항시 남구 동남동쪽 43km 해역
736,2020,11,4,2.8,,38.79,125.72,북한 황해북도 송림 북동쪽 10km 지역
735,2020,10,25,2.5,17,33.89,125.65,전남 진도군 남서쪽 87km 해역
734,2020,10,24,2.1,21,33.93,127.45,전남 여수시 거문도 남동쪽 16km 해역
733,2020,10,9,2.1,15,35.75,129.17,경북 경주시 남남서쪽 13km 지역
732,2020,10,7,2.1,22,33.92,127.44,전남 여수시 거문도 남동쪽 16km 해역
731,2020,10,3,2.3,,38.83,126.03,북한 황해북도 연산 서남서쪽 20km 지역
730,2020,10,2,2.6,,38.74,125.9,북한 황해북도 송림 동쪽 23km 지역
729,2020,10,2,2.5,,38.74,125.89,북한 황해북도 송림 동쪽 22km 지역
728,2020,9,22,2.1,15,36.6,129.37,경북 영덕군 북쪽 21km 지역
727,2020,9,20,2.2,17,36.51,127.14,충남 공주시 북북동쪽 7km 지역
726,2020,9,13,2.9,15,37.64,124.6,인천 옹진군 백령도 남남서쪽 35km 해역
725,2020,9,12,2.4,15,36.03,128.4,경북 칠곡군 북쪽 4km 지역
724,2020,9,2,2.3,,34.38,126.2,전남 진도군 남남서쪽 13km 지역
723,2020,8,21,2.5,14,37.91,125.93,북한 황해남도 해주 남동쪽 24km 지역
722,2020,8,7,2.4,,41.3,129.09,북한 함경북도 길주 북북서쪽 43km 지역
721,2020,8,5,2,7,38.85,125.71,북한 황해북도 송림 북북동쪽 14km 지역
720,2020,8,1,2,19,36.77,128.48,경북 예천군 북쪽 13km 지역
719,2020,8,1,2,17,38.65,127.16,북한 강원 평강 북북서쪽 29km 지역
718,2020,7,25,2.2,7,34.06,125.54,전남 신안군 흑산도 남쪽 66km 해역
717,2020,7,20,2,11,34.53,128.14,경남 남해군 남남동쪽 41km 해역
716,2020,7,15,2.4,,34.88,124.68,전남 신안군 흑산도 서북서쪽 77km 해역
715,2020,7,11,2.7,,37.88,129.58,강원 동해시 북동쪽 57km 해역
714,2020,7,7,3.3,12,37.19,125.55,인천 옹진군 연평도 남남서쪽 54km 해역
713,2020,7,3,2.3,6,37.18,128.71,강원 영월군 동쪽 22km 지역
712,2020,6,24,2.5,,38.66,125.95,북한 황해북도 사리원 북동쪽 24km 지역
711,2020,6,23,2.1,6,37.86,126.9,경기 파주시 북동쪽 15km 지역
710,2020,6,21,2.3,9,38.47,128.52,강원 고성군 북북동쪽 11km 해역
709,2020,6,8,2.1,5,36.01,128.01,경북 김천시 남남서쪽 17km 지역
708,2020,6,4,2.5,6,38.75,125.69,북한 황해북도 송림 동북동쪽 5km 지역
707,2020,5,27,2.8,6,36.01,128.01,경북 김천시 남남서쪽 17km 지역
706,2020,5,22,2.1,11,37.67,125,북한 황해남도 옹진 남서쪽 43km 해역
705,2020,5,13,2.8,12,36.1,127.34,전북 완주군 북동쪽 27km 지역
704,2020,5,11,3.8,16,38.68,127.18,북한 강원 평강 북북서쪽 32km 지역
703,2020,5,9,2.2,8,38.87,126.22,북한 평안남도 성천 남쪽 41km 지역
702,2020,5,9,2.2,21,34.66,126.4,전남 해남군 서북서쪽 21km 지역
701,2020,5,7,2.1,17,34.77,124.68,전남 신안군 흑산도 서쪽 73km 해역
700,2020,5,5,2.4,,38.47,126.16,북한 황해북도 평산 북서쪽 26km 지역
699,2020,5,3,3.1,21,34.66,126.4,전남 해남군 서북서쪽 21km 지역
698,2020,5,2,2.3,21,34.66,126.4,전남 해남군 서북서쪽 21km 지역
697,2020,4,30,2.4,21,34.66,126.4,전남 해남군 서북서쪽 21km 지역
696,2020,4,29,2.4,,39.39,126.13,북한 평안남도 성천 북북서쪽 18km 지역
695,2020,4,28,2.1,22,34.66,126.41,전남 해남군 서북서쪽 20km 지역
694,2020,4,28,2.4,10,36.16,127.43,충남 금산군 북서쪽 8km 지역
693,2020,4,27,2.8,6,35.8,127.53,전북 장수군 북쪽 17km 지역
692,2020,4,24,2.3,15,35.3,125.54,전남 신안군 흑산도 북쪽 73km 해역
691,2020,4,22,2.1,9,38.11,130.01,강원 동해시 북동쪽 102km 해역
690,2020,4,18,2.3,14,37.58,126.14,인천 강화군 서남서쪽 36km 해역
689,2020,4,3,2.2,,38.75,125.72,북한 황해북도 송림 동북동쪽 8km 지역
688,2020,3,20,2.7,9,35.39,128.01,경남 산청군 동남동쪽 13km 지역
687,2020,3,10,2,12,35.44,125.54,전북 군산시 어청도 남남서쪽 85km 해역
686,2020,2,29,2.4,8,38.45,126.17,북한 황해북도 평산 북서쪽 24km 지역
685,2020,2,29,2.7,8,38.46,126.17,북한 황해북도 평산 북서쪽 24km 지역
684,2020,2,16,2.7,19,36.26,130.49,경북 영덕군 동쪽 102km 해역
683,2020,2,9,2.4,9,35.77,129.03,경북 경주시 서남서쪽 18km 지역
682,2020,1,30,3.2,21,36.59,128.12,경북 상주시 북쪽 20km 지역
681,2020,1,29,2.5,,41.29,129.11,북한 함경북도 길주 북북서쪽 41km 지역
680,2020,1,15,2.1,8,37.11,128.29,충북 제천시 동남동쪽 9km 지역
679,2020,1,8,2,17,35.91,128.38,경북 성주군 동쪽 9km 지역
678,2019,12,30,2.1,19,35.56,128.9,경남 밀양시 동북동쪽 15km 지역
677,2019,12,30,3.5,20,35.56,128.9,경남 밀양시 동북동쪽 15km 지역
676,2019,12,29,2.3,17,33.33,127.16,제주 서귀포시 동쪽 56km 해역
675,2019,12,24,2.4,18,33.29,127.16,제주 서귀포시 동쪽 56km 해역
674,2019,12,17,2.1,11,38.01,126,북한 황해남도 해주 동쪽 25km 지역
673,2019,12,15,2,11,37.16,126.22,충남 서산시 북북서쪽 46km 해역
672,2019,12,12,2.1,21,33.55,126.92,제주 제주시 동쪽 36km 해역
671,2019,12,8,2,,35.12,124.96,전남 신안군 흑산도 북서쪽 70km 해역
670,2019,12,4,2.6,9,33.94,124.7,전남 신안군 흑산도 남서쪽 106km 해역
669,2019,11,29,2,21,36.86,129.79,경북 울진군 동남동쪽 38km 해역
668,2019,11,21,2.4,12,33.83,128.09,전남 여수시 거문도 동남동쪽 75km 해역
667,2019,11,21,2.3,6,35.13,124.93,전남 신안군 흑산도 북서쪽 73km 해역
666,2019,11,9,2.4,9,37.62,124.65,인천 옹진군 백령도 남쪽 37km 해역
665,2019,10,31,2.1,,37.24,126.11,인천 옹진군 서남서쪽 52km 지역
664,2019,10,30,2.3,5,36.68,128.61,경북 안동시 북서쪽 16km 지역
663,2019,10,27,3.4,11,35.41,128.49,경남 창녕군 남쪽 15km 지역
662,2019,10,20,2.2,10,33.41,125.13,제주 제주시 서쪽 130km 해역
661,2019,10,15,2.3,,38.77,125.71,북한 황해북도 송림 동북동쪽 8km 지역
660,2019,10,13,2,20,36.53,129.65,경북 영덕군 동북동쪽 28km 해역
659,2019,10,12,2.5,17,35.18,129.77,울산 동구 남동쪽 48km 해역
658,2019,10,4,2.6,9,35.47,128.86,경남 밀양시 동남동쪽 11km 지역
657,2019,10,2,2.3,11,38.79,125.78,북한 황해북도 송림 동북동쪽 14km 지역
656,2019,9,26,2.3,8,36.09,129.33,경북 포항시 북구 북북서쪽 6km 지역
655,2019,9,22,3.3,17,34.16,125.16,전남 신안군 흑산도 남남서쪽 62km 해역
654,2019,9,21,3.5,17,38.67,127.17,북한 강원 평강 북북서쪽 31km 지역
653,2019,9,19,2.6,6,33.65,124.99,전남 신안군 흑산도 남남서쪽 120km 해역
652,2019,9,11,2,9,38.13,127.09,경기 연천군 북북동쪽 4km 지역
651,2019,9,7,2,14,35.48,129.54,울산 동구 동남동쪽 12km 해역
650,2019,9,1,2.3,16,39.51,126.1,북한 평안남도 개천 남동쪽 27km 지역
649,2019,8,28,2.5,26,36.24,130.01,경북 영덕군 동남동쪽 61km 해역
648,2019,8,23,2.7,7,37.96,124.69,인천 옹진군 백령도 북동쪽 1km 지역
647,2019,8,20,2.8,22,33.57,124.81,전남 신안군 흑산도 남남서쪽 135km 해역
646,2019,8,11,2.1,10,37.97,124.63,인천 옹진군 백령도 서북서쪽 5km 지역
645,2019,8,10,2.3,18,33.78,126.92,전남 여수시 거문도 남서쪽 45km 해역
644,2019,8,9,2.2,,39.31,124.71,북한 평안북도 철산 남쪽 51km 해역
643,2019,7,30,2.1,6,35,128.3,경남 고성군 북서쪽 4km 지역
642,2019,7,25,2.8,13,37.35,129.84,경북 울진군 북동쪽 56km 해역
641,2019,7,22,2,13,35.82,125.56,전북 군산시 어청도 남서쪽 50km 해역
640,2019,7,21,3.9,14,36.5,128.1,경북 상주시 북북서쪽 11km 지역
639,2019,7,20,2,15,36.33,128.08,경북 상주시 남서쪽 11km 지역
638,2019,7,10,2.1,6,38.7,125.73,북한 황해북도 송림 동남동쪽 9km 지역
637,2019,7,8,2.2,20,37.89,129.55,강원 동해시 북동쪽 56km 해역
636,2019,7,2,2.7,21,35.88,129.69,경북 포항시 남구 동남동쪽 33km 해역
635,2019,6,27,2.1,,38.75,125.71,북한 황해북도 송림 동북동쪽 7km 지역
634,2019,6,27,2.5,,38.77,125.7,북한 황해북도 송림 북동쪽 7km 지역
633,2019,6,27,3.9,,38.8,125.69,북한 황해북도 송림 북동쪽 9km 지역
632,2019,6,23,2.4,16,36.69,128.41,경북 예천군 북서쪽 5km 지역
631,2019,6,23,2.4,6,38.75,125.73,북한 황해북도 송림 동쪽 8km 지역
630,2019,6,23,3.4,,38.81,125.7,북한 황해북도 송림 북동쪽 10km 지역
629,2019,6,22,3.4,,38.81,125.7,북한 황해북도 송림 북동쪽 10km 지역
628,2019,6,22,2.7,,38.81,125.71,북한 황해북도 송림 북동쪽 10km 지역
627,2019,6,21,2.5,7,38.81,125.68,북한 황해북도 송림 북북동쪽 9km 지역
626,2019,6,15,2.2,21,35.71,126.36,전북 부안군 서쪽 34km 해역
625,2019,6,11,2.5,19,35.76,129.19,경북 경주시 남남서쪽 9km 지역
624,2019,5,17,2.4,6,38.37,126.3,북한 황해북도 평산 서북서쪽 9km 지역
623,2019,5,16,3.3,5,39.15,126.47,북한 평안남도 양덕 서남서쪽 16km 지역
622,2019,5,13,2.4,17,33.35,127.17,제주 서귀포시 동쪽 58km 해역
621,2019,5,10,2,12,36.56,129.64,경북 영덕군 동북동쪽 29km 해역
620,2019,5,5,2.1,18,36.55,129.54,경북 영덕군 북동쪽 22km 해역
619,2019,5,4,2.4,6,37.42,124.56,인천 옹진군 백령도 남쪽 60km 해역
618,2019,4,27,2.5,17,33.79,126.09,제주 제주시 북서쪽 52km 해역
617,2019,4,22,3.8,21,36.86,129.8,경북 울진군 동남동쪽 38km 해역
616,2019,4,19,4.3,32,37.88,129.54,강원 동해시 북동쪽 54km 해역
615,2019,3,28,2.2,16,33.62,126.94,제주 제주시 동북동쪽 40km 해역
614,2019,3,21,2.7,6,37.56,125.2,북한 황해남도 옹진 남남서쪽 43km 해역
613,2019,3,21,2.8,11,41.32,129.09,북한 함경북도 길주 북북서쪽 45km 지역
612,2019,3,19,2.2,11,38.01,126,북한 황해남도 해주 동쪽 25km 지역
611,2019,3,17,2.3,13,36.34,127.87,충북 옥천군 동쪽 27km 지역
610,2019,3,13,2.4,13,33.63,126.93,제주 제주시 동북동쪽 40km 해역
609,2019,3,11,2.4,15,33.47,126.4,제주 제주시 서남서쪽 13km 지역
608,2019,3,9,2,12,36.82,128.73,경북 봉화군 남쪽 8km 지역
607,2019,3,3,2.5,,39.63,127.12,북한 함경남도 금야 북서쪽 15km 지역
606,2019,2,27,2.2,12,37.31,124.74,인천 옹진군 백령도 남쪽 72km 해역
605,2019,2,25,2.9,10,36.77,129.03,경북 영양군 북북서쪽 14km 지역
604,2019,2,20,2.9,14,36.51,125.5,충남 태안군 서격렬비도 남남서쪽 12km 해역
603,2019,2,18,2.4,19,36.72,128.41,경북 예천군 북북서쪽 8km 지역
602,2019,2,17,2.6,12,33.29,126.25,제주 서귀포시 서쪽 29km 지역
601,2019,2,13,2.7,21,38.9,125.86,북한 평양 남동쪽 17km 지역
600,2019,2,10,2.5,21,36.16,129.85,경북 포항시 북구 동북동쪽 45km 해역
599,2019,2,10,4.1,21,36.16,129.9,경북 포항시 북구 동북동쪽 50km 해역
598,2019,1,31,2.2,19,36.53,129.66,경북 영덕군 동북동쪽 29km 해역
597,2019,1,17,2.7,17,33.94,127.62,전남 여수시 거문도 동남동쪽 30km 해역
596,2019,1,13,2,17,37.02,127.93,충북 충주시 북쪽 3km 지역
595,2019,1,10,2.5,17,35.79,129.2,경북 경주시 남남서쪽 5km 지역
594,2019,1,9,3.7,18,37.37,124.23,인천 옹진군 백령도 남남서쪽 76km 해역
593,2019,1,2,2.2,5,36.77,128.31,경북 문경시 북북동쪽 23km 지역
592,2019,1,2,2.8,12,41.3,129.21,북한 함경북도 길주 북북서쪽 40km 지역
591,2019,1,1,3.1,19,36.53,129.66,경북 영덕군 동북동쪽 29km 해역
590,2018,12,27,2,5,36.99,128.89,경북 봉화군 북동쪽 18km 지역
589,2018,12,21,2.7,12,35.76,127.95,경남 거창군 북북동쪽 9km 지역
588,2018,12,20,2,21,35.88,129.69,경북 포항시 남구 동남동쪽 33km 해역
587,2018,12,17,2.2,20,36.53,129.65,경북 영덕군 동북동쪽 28km 해역
586,2018,12,12,2.1,12,35.72,126.78,전북 부안군 동남동쪽 4km 지역
585,2018,12,9,2.2,19,35.86,129.69,경북 포항시 남구 동남동쪽 34km 해역
584,2018,12,8,2.4,17,36.31,128.25,경북 구미시 북북서쪽 23km 지역
583,2018,12,5,2.5,17,36.45,129.62,경북 영덕군 동쪽 23km 해역
582,2018,12,5,2.1,17,36.45,129.62,경북 영덕군 동쪽 23km 해역
581,2018,11,29,2.1,17,37.32,129.69,경북 울진군 북동쪽 44km 해역
580,2018,11,29,3.3,13,34.94,124.53,전남 신안군 흑산도 서북서쪽 92km 해역
579,2018,11,25,2.1,12,33.15,126.09,제주 서귀포시 서남서쪽 45km 해역
578,2018,11,25,2.2,,38.73,125.92,북한 황해북도 송림 동쪽 25km 지역
577,2018,11,24,2.9,10,38.7,127.16,북한 강원 평강 북북서쪽 34km 지역
576,2018,11,22,2.2,19,35.91,129.71,경북 포항시 남구 동남동쪽 33km 해역
575,2018,11,20,2.3,17,33.52,127.29,전남 여수시 거문도 남쪽 57km 해역
574,2018,11,19,2.1,19,36.42,127.3,대전 유성구 북서쪽 8km 지역
573,2018,11,5,3.1,15,37.85,124.87,인천 옹진군 백령도 남동쪽 20km 해역
572,2018,11,5,3.2,,37.8,124.9,인천 옹진군 백령도 남동쪽 26km 해역
571,2018,11,4,2.5,15,36.08,128.25,경북 김천시 동남동쪽 14km 지역
570,2018,10,25,2.3,16,35.76,129.19,경북 경주시 남남서쪽 9km 지역
569,2018,10,24,2.2,7,38.04,125.37,북한 황해남도 옹진 북쪽 12km 지역
568,2018,10,22,2.1,11,35.61,124.94,전북 군산시 어청도 서남서쪽 109km 해역
567,2018,10,20,2.6,,37.26,129.96,경북 울진군 동북동쪽 58km 해역
566,2018,10,17,2,14,36.16,127.3,충남 논산시 동쪽 18km 지역
565,2018,10,14,2.4,,37.49,124.58,인천 옹진군 백령도 남쪽 52km 해역
564,2018,10,12,2.3,13,38.67,127.18,북한 강원 평강 북북서쪽 30km 지역
563,2018,9,27,2.4,,38.74,125.7,북한 황해북도 송림 동쪽 6km 지역
562,2018,9,25,2.5,16,33.46,125.8,제주 제주시 서쪽 68km 해역
561,2018,9,24,2.8,,40.2,127.7,북한 함경남도 신흥 북동쪽 30km 지역
560,2018,9,17,2.4,12,36.05,129.69,경북 포항시 북구 동쪽 29km 해역
559,2018,9,15,2.4,,37.07,129.91,경북 울진군 동쪽 46km 해역
558,2018,9,14,2.2,14,36.78,128.36,경북 문경시 북동쪽 26km 지역
557,2018,8,29,2.5,11,37,129.32,경북 울진군 서쪽 7km 지역
556,2018,8,24,2.1,18,34.33,127.42,전남 고흥군 남남동쪽 34km 해역
555,2018,8,24,2.6,12,37.92,125.68,북한 황해남도 해주 남남서쪽 14km 지역
554,2018,8,15,2.5,26,37.27,130.63,경북 울릉군 울릉도 남서쪽 34km 해역
553,2018,8,10,2.4,,33.21,127.53,제주 서귀포시 동쪽 90km 해역
552,2018,8,9,2.1,,37.03,125.27,충남 태안군 서격렬비도 북북서쪽 53km 해역
551,2018,8,9,2.1,,37.03,125.3,충남 태안군 서격렬비도 북북서쪽 51km 해역
550,2018,7,22,2.9,13,33.41,125.91,제주 제주시 서쪽 58km 해역
549,2018,7,21,2.2,13,34.47,127.25,전남 고흥군 남남서쪽 16km 해역
548,2018,7,20,2.3,21,35.84,129.79,경북 포항시 남구 동남동쪽 43km 해역
547,2018,7,20,2.4,20,36.01,126.16,전북 군산시 어청도 남동쪽 21km 해역
546,2018,7,19,2.5,23,35.83,129.8,경북 포항시 남구 동남동쪽 44km 해역
545,2018,7,17,2.7,,35.91,127.81,전북 무주군 남동쪽 17km 지역
544,2018,7,4,2.1,10,37.3,127.7,경기 여주시 동쪽 6km 지역
543,2018,7,1,2.2,18,37.63,129.48,강원 삼척시 북동쪽 34km 해역
542,2018,6,28,2.2,,36.99,125.25,충남 태안군 서격렬비도 북북서쪽 50km 해역
541,2018,6,28,2.7,9,38.18,127.34,강원 철원군 북북동쪽 4km 지역
540,2018,6,20,2.1,14,34.9,124.81,전남 신안군 흑산면 서북서쪽 66km 해역
539,2018,6,16,2.3,,37.19,129.08,강원 삼척시 남남서쪽 30km 지역
538,2018,6,15,2.1,14,36.39,128.49,경북 의성군 서북서쪽 19km 지역
537,2018,6,9,2.3,18,35.87,129.73,경북 포항시 남구 동남동쪽 37km 해역
536,2018,5,31,2.8,8,38.53,127.68,북한 강원 회양 남남동쪽 19km 지역
535,2018,5,31,2.6,17,36.22,129.38,경북 포항시 북구 북쪽 20km 지역
534,2018,5,22,2.2,18,36.37,129.49,경북 영덕군 동남동쪽 12km 해역
533,2018,5,20,2,10,34.16,125.61,전남 신안군 흑산면 남남동쪽 56km 해역
532,2018,5,14,2.5,16,33.62,125.58,제주 제주시 고산 서북서쪽 65km 해역
531,2018,5,7,2,16,36.72,128.37,경북 예천군 북서쪽 10km 지역
530,2018,5,4,2,12,36.1,127.7,충북 영동군 남서쪽 11km 지역
529,2018,5,2,2.5,11,36.56,127.63,충북 보은군 북서쪽 11km 지역
528,2018,5,1,2,15,35.77,129.2,경북 경주시 남쪽 8km 지역
527,2018,4,24,2.5,10,37.06,125.92,인천 옹진군 덕적도 남서쪽 27km 해역
526,2018,4,23,2.4,17,33.21,126.4,제주 서귀포시 서남서쪽 16km 해역
525,2018,4,23,2.3,,41.35,129.12,북한 함경북도 길주 북북서쪽 47km 지역
524,2018,4,9,2.4,16,35.76,129.19,경북 경주시 남남서쪽 8km 지역
523,2018,4,6,2.6,24,36.08,129.82,경북 포항시 북구 동쪽 41km 해역
522,2018,3,31,2,8,36.1,129.36,경북 포항시 북구 북쪽 7km 지역
521,2018,3,26,2.7,,37.78,124.84,인천 백령도 남동쪽 24km 해역
520,2018,3,16,2.7,12,36.1,129.35,경북 포항시 북구 북북서쪽 7km 지역
519,2018,3,16,2,6,36.98,128.42,충북 단양군 동남동쪽 5km 지역
518,2018,3,10,2.8,6,36.14,129.37,경북 포항시 북구 북쪽 11km 지역
517,2018,3,9,2.2,7,36.95,126.45,충남 서산시 북쪽 18km 지역
516,2018,3,8,2,17,35.31,127.32,전남 곡성군 북동쪽 4km 지역
515,2018,3,8,2,15,35.3,127.33,전남 곡성군 동북동쪽 4km 지역
514,2018,3,4,2.6,9,38.13,130.33,경북 울릉군 북서쪽 88km 해역
513,2018,2,27,2.4,13,37.09,124.87,충남 태안군 서격렬비도 북서쪽 80km 해역
512,2018,2,26,2.5,6,34.52,125.32,전남 신안군 흑산면 남서쪽 20km 해역
511,2018,2,26,2.4,16,33.97,126.87,전남 완도군 남남동쪽 39km 해역
510,2018,2,18,2.4,9,36.07,129.33,경북 포항시 북구 북서쪽 4km 지역
509,2018,2,17,2.2,10,36.1,129.35,경북 포항시 북구 북북서쪽 6km 지역
508,2018,2,17,2.6,8,36.09,129.33,경북 포항시 북구 북북서쪽 6km 지역
507,2018,2,17,2,12,36.11,129.37,경북 포항시 북구 북쪽 8km 지역
506,2018,2,14,2.3,8,37.8,125.38,북한 황해남도 옹진 남쪽 14km 해역
505,2018,2,13,2.5,10,36.12,129.37,경북 포항시 북구 북쪽 9km 지역
504,2018,2,13,2.6,9,36.07,129.33,경북 포항시 북구 북서쪽 5km 지역
503,2018,2,11,2.4,16,36.08,129.33,경북 포항시 북구 북서쪽 5km 지역
502,2018,2,11,2.1,9,36.08,129.32,경북 포항시 북구 북서쪽 6km 지역
501,2018,2,11,2.1,13,36.08,129.34,경북 포항시 북구 북북서쪽 5km 지역
500,2018,2,11,2.1,10,36.09,129.32,경북 포항시 북구 북서쪽 7km 지역
499,2018,2,11,2.1,8,36.07,129.32,경북 포항시 북구 북서쪽 5km 지역
498,2018,2,11,2.2,10,36.08,129.33,경북 포항시 북구 북서쪽 5km 지역
497,2018,2,11,2.2,11,36.07,129.34,경북 포항시 북구 북서쪽 4km 지역
496,2018,2,11,2.5,12,36.08,129.33,경북 포항시 북구 북서쪽 5km 지역
495,2018,2,11,4.6,14,36.08,129.33,경북 포항시 북구 북서쪽 5km 지역
494,2018,2,10,2.4,10,36.6,125.76,충남 태안군 서격렬비도 동쪽 20km 해역
493,2018,2,9,2.5,,33.92,125.22,전남 신안군 흑산면 남남서쪽 85km 해역
492,2018,2,8,2.7,9,35.1,124.99,전남 신안군 흑산면 북서쪽 67km 해역
491,2018,2,8,2.7,,41.32,129.09,북한 함경북도 길주 북북서쪽 45km 지역
490,2018,2,6,2.6,,41.33,129.1,북한 함경북도 길주 북북서쪽 46Km 지역
489,2018,2,6,2.5,12,36.08,129.33,경북 포항시 북구 북서쪽 5km 지역
488,2018,2,4,2.3,8,36.06,129.31,경북 포항시 북구 서북서쪽 5km 지역
487,2018,2,4,2.8,14,36.37,127.62,충북 옥천군 북북동쪽 8km 지역
486,2018,2,4,2.1,7,36.11,129.36,경북 포항시 북구 북쪽 8km 지역
485,2018,2,3,2.6,19,33.77,127.4,전남 여수시 거문도 남남동쪽 30km 해역
484,2018,2,3,2,6,36.14,129.36,경북 포항시 북구 북쪽 11km 지역
483,2018,2,2,2.9,9,36.12,129.37,경북 포항시 북구 북쪽 9km 지역
482,2018,1,28,3.2,6,40.24,127.3,북한 함경남도 장진 남남동쪽 16km 지역
481,2018,1,24,2.4,16,34.32,127.32,전남 여수시 거문도 북쪽 32km 해역
480,2018,1,10,2,20,36.26,127.34,대전 서구 남남서쪽 12km 지역
479,2018,1,9,2.1,20,33.98,127.11,전남 여수시 거문도 서남서쪽 19km 해역
478,2018,1,6,2.2,12,37.71,125.94,북한 인천 옹진군 연평도 동북동쪽 21km 해역
477,2018,1,1,2,8,36.11,129.36,경북 포항시 북구 북쪽 8km 지역
476,2018,1,1,2.1,,38.33,126.16,북한 황해북도 평산 서쪽 20km 지역
475,2017,12,30,2,17,35.76,129.17,경북 경주시 남남서쪽 9km 지역
474,2017,12,29,2.1,10,36.11,129.34,경북 포항시 북구 북북서쪽 8km 지역
473,2017,12,27,2.3,8,36.11,129.36,경북 포항시 북구 북쪽 7km 지역
472,2017,12,27,2.8,8,36.11,129.36,경북 포항시 북구 북쪽 7km 지역
471,2017,12,26,2.2,6,36.14,129.37,경북 포항시 북구 북쪽 11km 지역
470,2017,12,25,2.1,8,36.11,129.36,경북 포항시 북구 북쪽 7km 지역
469,2017,12,25,3.5,10,36.11,129.36,경북 포항시 북구 북쪽 8km 지역
468,2017,12,22,2.2,,39.31,127.15,북한 함경남도 고원 남남서쪽 15km 지역
467,2017,12,21,2,5,36.72,128.01,경북 문경시 북서쪽 21km 지역
466,2017,12,20,2.3,18,36.09,125.64,충남 태안군 서격렬비도 남쪽 57km 해역
465,2017,12,19,2.1,7,35.77,129.42,경북 경주시 동남동쪽 20km 지역
464,2017,12,12,2.5,,38.32,126.18,북한 황해북도 평산 서쪽 19km 지역
463,2017,12,9,2.3,23,35.61,129.99,울산 동구 동북동쪽 54km 해역
462,2017,12,9,2.8,,41.31,129.11,북한 함경북도 길주 북북서쪽 43km 지역
461,2017,12,9,3,16,41.32,129.1,북한 함경북도 길주 북북서쪽 45km 지역
460,2017,12,9,2.3,9,36.1,129.35,경북 포항시 북구 북북서쪽 7km 지역
459,2017,12,9,2.2,8,36.1,129.35,경북 포항시 북구 북북서쪽 7km 지역
458,2017,12,5,2.7,,41.32,129.13,북한 함경북도 길주 북북서쪽 44km 지역
457,2017,12,5,2.1,11,36.02,129.45,경북 포항시 남구 동쪽 9km 해역
456,2017,12,4,2.5,21,33.42,127.15,제주 서귀포시 성산 동쪽 25km 해역
455,2017,12,3,2.1,13,36.75,128.82,경북 안동시 북북동쪽 22km 지역
454,2017,12,2,2.5,,41.32,129.2,북한 함경북도 길주 북북서쪽 43km 지역
453,2017,12,1,2.7,8,33.24,127.32,제주 서귀포시 성산 동남동쪽 44km 해역
452,2017,12,1,2.4,7,36.1,129.35,경북 포항시 북구 북북서쪽 7km 지역
451,2017,11,26,2.9,13,36.69,124.65,충남 태안군 서격렬비도 서쪽 79km 해역
450,2017,11,25,2.3,8,36.11,129.35,경북 포항시 북구 북쪽 7km 지역
449,2017,11,25,2,8,36.1,129.35,경북 포항시 북구 북쪽 7km 지역
448,2017,11,24,2.3,13,34.05,125.57,전남 신안군 흑산면 남쪽 68km 해역
447,2017,11,24,2.3,8,36.11,129.35,경북 포항시 북구 북쪽 7km 지역
446,2017,11,24,2.6,,37.23,125.04,인천 옹진군 연평도 남서쪽 76km 해역
445,2017,11,23,2.3,14,36.11,129.37,경북 포항시 북구 북쪽 8km 지역
444,2017,11,22,2,8,36.12,129.35,경북 포항시 북구 북쪽 9km 지역
443,2017,11,22,2.5,8,36.1,129.35,경북 포항시 북구 북북서쪽 6km 지역
442,2017,11,21,2.4,,36.11,129.33,경북 포항시 북구 북북서쪽 8km 지역
441,2017,11,21,2.1,9,36.09,129.34,경북 포항시 북구 북북서쪽 5km 지역
440,2017,11,21,2,13,36.09,129.35,경북 포항시 북구 북쪽 6km 지역
439,2017,11,20,3.6,12,36.14,129.36,경북 포항시 북구 북쪽 11km 지역
438,2017,11,19,3.5,9,36.12,129.36,경북 포항시 북구 북쪽 9km 지역
437,2017,11,19,2.2,11,36.09,129.34,경북 포항시 북구 북북서쪽 6km 지역
436,2017,11,19,2.1,8,36.12,129.38,경북 포항시 북구 북쪽 9km 지역
435,2017,11,19,2.4,12,36.09,129.35,경북 포항시 북구 북북서쪽 6km 지역
434,2017,11,19,2,8,36.11,129.34,경북 포항시 북구 북북서쪽 8km 지역
433,2017,11,17,2.6,12,36.1,129.35,경북 포항시 북구 북북서쪽 6km 지역
432,2017,11,17,2.1,11,36.12,129.37,경북 포항시 북구 북쪽 8km지역
431,2017,11,17,2.1,11,36.08,129.33,경북 포항시 북구 북북서쪽 6km지역
430,2017,11,16,2.4,9,36.12,129.36,경북 포항시 북구 북쪽 9km지역
429,2017,11,16,2.2,8,36.12,129.36,경북 포항시 북구 북쪽 9km지역
428,2017,11,16,2,8,36.11,129.37,경북 포항시 북구 북쪽 7km지역
427,2017,11,16,2.4,12,36.12,129.36,경북 포항시 북구 북쪽 8km 지역
426,2017,11,16,2,10,36.1,129.34,경북 포항시 북구 북북서쪽 7km 지역
425,2017,11,16,2.3,7,36.13,129.37,경북 포항시 북구 북쪽 10km 지역
424,2017,11,16,2.3,11,36.1,129.35,경북 포항시 북구 북북서쪽 6km 지역
423,2017,11,16,2.1,11,36.12,129.37,경북 포항시 북구 북쪽 9km 지역
422,2017,11,16,3.6,8,36.12,129.37,경북 포항시 북구 북쪽 8km 지역
421,2017,11,16,2.5,10,36.09,129.34,경북 포항시 북구 북북서쪽 6km 지역
420,2017,11,16,2,8,36.08,129.34,경북 포항시 북구 북북서쪽 5km 지역
419,2017,11,16,2.3,8,36.14,129.37,경북 포항시 북구 북쪽 11km 지역
418,2017,11,16,2.5,13,36.14,129.36,경북 포항시 북구 북쪽 10km 지역
417,2017,11,16,2.1,11,36.09,129.35,경북 포항시 북구 북북서쪽 6km 지역
416,2017,11,16,2,9,36.09,129.35,경북 포항시 북구 북북서쪽 6km 지역
415,2017,11,16,2.4,8,36.14,129.35,경북 포항시 북구 북쪽 10km 지역
414,2017,11,15,2.1,10,36.13,129.38,경북 포항시 북구 북쪽 10km 지역
413,2017,11,15,2,12,36.1,129.36,경북 포항시 북구 북쪽 6km 지역
412,2017,11,15,2.1,10,36.1,129.36,경북 포항시 북구 북쪽 7km 지역
411,2017,11,15,2.1,7,36.14,129.38,경북 포항시 북구 북쪽 11km 지역
410,2017,11,15,2.1,7,36.14,129.36,경북 포항시 북구 북쪽 10km 지역
409,2017,11,15,2,10,36.11,129.36,경북 포항시 북구 북쪽 8km 지역
408,2017,11,15,2.4,10,36.1,129.35,경북 포항시 북구 북북서쪽 7km 지역
407,2017,11,15,2.1,9,36.11,129.35,경북 포항시 북구 북쪽 8km 지역
406,2017,11,15,2.2,8,36.1,129.35,경북 포항시 북구 북북서쪽 7km 지역
405,2017,11,15,2.3,8,36.11,129.35,경북 포항시 북구 북북서쪽 8km 지역
404,2017,11,15,2,11,36.14,129.38,경북 포항시 북구 북쪽 11km 지역
403,2017,11,15,2.1,5,36.14,129.38,경북 포항시 북구 북쪽 11km 지역
402,2017,11,15,2.1,11,36.09,129.32,경북 포항시 북구 북서쪽 6km 지역
401,2017,11,15,2.2,10,36.14,129.37,경북 포항시 북구 북쪽 11km 지역
400,2017,11,15,2.8,,36.08,129.31,경북 포항시 북구 북서쪽 7km 지역
399,2017,11,15,2.2,7,36.14,129.37,경북 포항시 북구 북쪽 11km 지역
398,2017,11,15,4.3,10,36.12,129.36,경북 포항시 북구 북쪽 9km 지역
397,2017,11,15,2,6,36.14,129.36,경북 포항시 북구 북쪽 11km 지역
396,2017,11,15,2.4,8,36.09,129.35,경북 포항시 북구 북북서쪽 6km 지역
395,2017,11,15,2.9,12,36.13,129.36,경북 포항시 북구 북쪽 10km 지역
394,2017,11,15,2.2,10,36.12,129.37,경북 포항시 북구 북쪽 9km 지역
393,2017,11,15,2.3,7,36.09,129.33,경북 포항시 북구 북북서쪽 6km 지역
392,2017,11,15,2.6,11,36.09,129.35,경북 포항시 북구 북북서쪽 6km 지역
391,2017,11,15,2.4,11,36.14,129.38,경북 포항시 북구 북쪽 11km 지역
390,2017,11,15,2.5,9,36.11,129.35,경북 포항시 북구 북쪽 8km 지역
389,2017,11,15,3.5,8,36.09,129.34,경북 포항시 북구 북북서쪽 6km 지역
388,2017,11,15,2.9,8,36.11,129.35,경북 포항시 북구 북쪽 7km 지역
387,2017,11,15,2.9,,36.12,129.37,경북 포항시 북구 북쪽 9km 지역
386,2017,11,15,2.8,12,36.1,129.35,경북 포항시 북구 북북서쪽 7km 지역
385,2017,11,15,2.4,9,36.11,129.35,경북 포항시 북구 북쪽 8km 지역
384,2017,11,15,2.4,8,36.1,129.36,경북 포항시 북구 북쪽 6km 지역
383,2017,11,15,2.5,6,36.12,129.39,경북 포항시 북구 북북동쪽 9km 지역
382,2017,11,15,3.6,8,36.1,129.36,경북 포항시 북구 북쪽 7km 지역
381,2017,11,15,5.4,7,36.11,129.37,경북 포항시 북구 북쪽 8km 지역
380,2017,11,15,2.6,,36.08,129.31,경북 포항시 북구 북서쪽 7km 지역
379,2017,11,15,2.2,8,36.11,129.36,경북 포항시 북구 북쪽 7km 지역
378,2017,11,14,2.7,,37.29,124.82,인천 백령도 남쪽 75km 해역
377,2017,11,11,2.2,18,34.84,127.46,전남 순천시 남남서쪽 12km 지역
376,2017,11,9,2,16,35.75,129.18,경북 경주시 남남서쪽 10km 지역
375,2017,11,8,2,9,35.16,128.57,경남 창원 마산합포구 남쪽 4km 지역
374,2017,11,8,2.5,13,33.05,126.2,제주 제주시 고산 남쪽 28km 해역
373,2017,10,30,2.1,10,36.42,126.48,충남 보령시 북서쪽 15km 해역
372,2017,10,29,2.2,12,34.39,127.34,전남 고흥군 남남동쪽 25km 해역
371,2017,10,21,2.7,12,33.63,126.05,제주 제주시 고산 북북서쪽 39km 해역
370,2017,10,20,2.2,10,38.44,126.16,북한 황해북도 평산 서북서쪽 24km 지역
369,2017,10,20,2,13,35.9,127.54,전북 진안군 북동쪽 15km 지역
368,2017,10,18,2.6,16,36.59,129.45,경북 영덕군 북북동쪽 20km 해역
367,2017,10,16,2.5,14,35.79,129.19,경북 경주시 남남서쪽 6km 지역
366,2017,10,16,2.8,18,33.86,125.3,전남 신안군 흑산면 남쪽 89km 해역
365,2017,10,13,2.7,,41.39,129.03,북한 함경북도 길주 북북서쪽 54km 지역
364,2017,10,8,2.8,16,34.84,127.25,전남 보성군 동북동쪽 17km 지역
363,2017,10,4,2.1,11,36.16,127.13,충남 논산시 남동쪽 4km 지역
362,2017,10,4,2.4,22,35.56,129.88,울산 동구 동쪽 42km 해역
361,2017,9,30,2.5,18,33.42,127.15,제주 서귀포시 성산 동쪽 25km 해역
360,2017,9,23,3.2,,41.35,129.06,북한 함경북도 길주 북북서쪽 49km 지역
359,2017,9,23,2.6,,41.35,129.06,북한 함경북도 길주 북북서쪽 49km 지역
358,2017,9,16,2.2,19,34.25,127.13,전남 여수시 거문도 북서쪽 29km 해역
357,2017,9,11,3.2,,35.29,124.16,전남 신안군 흑산면 서북서쪽 139km 해역
356,2017,9,7,2.9,19,37.6,125.34,인천 옹진군 연평도 서남서쪽 33km 해역
355,2017,9,1,2.1,18,36.42,127.21,충남 공주시 동남동쪽 9km 지역
354,2017,8,29,2.4,7,35.31,125.36,전남 영광군 안마도 서쪽 61km 해역
353,2017,8,21,2.1,,38.82,126.13,북한 평양 동남동쪽 39km 지역
352,2017,8,16,2.5,,38.73,125.69,북한 황해북도 송림 동쪽 5km 지역
351,2017,8,15,2.6,,38.73,125.67,북한 황해북도 송림 동쪽 3km 지역
350,2017,8,9,2.7,12,33.87,125.52,전남 신안군 흑산면 남쪽 87km 해역
349,2017,8,7,2.6,,38.7,125.63,북한 황해북도 송림 남남서쪽 4km 지역
348,2017,7,20,2,11,37.39,129.54,강원 삼척시 동남동쪽 33km 해역
347,2017,7,19,2.2,28,33.77,126.12,제주 제주시 북서쪽 48km 해역
346,2017,7,18,2.7,16,37.69,126.19,인천 강화군 서남서쪽 27km 해역
345,2017,7,9,2.1,18,33.51,125.73,제주 제주시 고산 서북서쪽 47km 해역
344,2017,7,8,2.8,,40.4,127.29,북한 함경남도 장진 동북동쪽 5km 지역
343,2017,7,6,2.4,6,36,127.94,경북 김천시 남서쪽 22km 지역
342,2017,7,5,2.5,5,35.99,127.97,경북 김천시 남서쪽 21km 지역
341,2017,6,28,2.7,,40,125.81,북한 평안북도 영변 북쪽 22km 지역
340,2017,6,27,2,15,35.77,129.2,경북 경주시 남남서쪽 8km 지역
339,2017,6,20,2,12,35.85,129.08,경북 경주시 서쪽 12km 지역
338,2017,6,17,2.3,21,33.38,127.21,제주 서귀포시 성산 동쪽 30km 해역
337,2017,6,15,2.4,13,36.54,125.07,충남 태안군 서격렬비도 서쪽 42km 해역
336,2017,6,14,2.2,6,38.34,126.14,북한 황해북도 평산 서쪽 22km 지역
335,2017,6,13,2.1,17,35.74,129.18,경북 경주시 남남서쪽 11km 지역
334,2017,6,11,2.5,14,35.77,129.17,경북 경주시 남남서쪽 9km 지역
333,2017,6,11,2,12,37.28,129.21,강원 삼척시 남남동쪽 19km 지역
332,2017,6,4,2.1,18,36.83,128.1,충북 충주시 남동쪽 24km 지역
331,2017,5,28,2.7,21,35.67,129.56,울산 북구 동북동쪽 20km 해역
330,2017,5,25,3,24,36.96,124.4,충남 태안군 서격렬비도 서북서쪽 109km 해역
329,2017,5,20,2.9,15,37.73,129.62,강원 동해시 동북동쪽 50km 해역
328,2017,5,20,2,12,35.92,128.27,경북 성주군 북서쪽 1km 지역
327,2017,5,16,2.2,6,36.6,128.92,경북 안동시 동북동쪽 17km 지역
326,2017,5,16,2.1,,36.85,124.55,충남 태안군 서격렬비도 서북서쪽 92km 해역
325,2017,5,13,2.8,15,36.61,129.44,경북 영덕군 북북동쪽 23km 해역
324,2017,5,10,2.1,16,36.61,129.45,경북 영덕군 북북동쪽 23km 해역
323,2017,5,10,2.5,19,35.88,126.19,전북 부안군 위도 북북서쪽 32km 해역
322,2017,5,5,3,11,35.32,127.43,전남 구례군 북북서쪽 13km 지역
321,2017,5,5,2,15,36.73,128.1,경북 문경시 북북서쪽 18km 지역
320,2017,5,4,2.4,14,36.74,128.1,경북 문경시 북북서쪽 18km 지역
319,2017,5,4,2.6,16,36.61,129.44,경북 영덕군 북북동쪽 22km 해역
318,2017,4,28,2.1,13,36.6,128.81,경북 안동시 동북동쪽 8km 지역
317,2017,4,28,2.4,5,33.33,127.85,제주 서귀포시 성산 동쪽 90km 해역
316,2017,4,20,3.2,,33.77,127.28,전남 여수시 거문도 남쪽 29km 해역
315,2017,4,18,2.1,12,35.5,128.88,경남 밀양시 동쪽 12km 지역
314,2017,4,18,2,16,35.76,129.18,경북 경주시 남남서쪽 9km 지역
313,2017,4,16,2.2,6,36.7,125.18,충남 태안군 서격렬비도 서북서쪽 33km 해역
312,2017,4,15,2,8,36.11,129.37,경북 포항시 북구 북쪽 8km 지역
311,2017,4,15,3.1,13,36.11,129.36,경북 포항시 북구 북쪽 8km 지역
310,2017,4,15,2.2,15,35.76,129.18,경북 경주시 남남서쪽 9km 지역
309,2017,4,10,2.3,17,35.16,128.77,경남 창원시 진해구 동북동쪽 6km 지역
308,2017,4,9,2.4,5,38.99,126.2,북한 평안남도 성천 남쪽 28km 지역
307,2017,4,9,2.1,13,35.76,129.2,경북 경주시 남쪽 9km 지역
306,2017,4,8,2.1,,38.72,125.61,북한 황해북도 송림 북북서쪽 2km 지역
305,2017,4,8,2.7,11,35.76,129.18,경북 경주시 남남서쪽 9km 지역
304,2017,4,7,2,,35.97,127.8,전북 무주군 동남동쪽 13km 지역
303,2017,4,4,2.2,21,35.67,129.85,울산 동구 동북동쪽 43km 해역
302,2017,4,1,2.2,16,35.78,129.2,경북 경주시 남남서쪽 7km 지역
301,2017,3,31,2.5,15,35.78,129.2,경북 경주시 남남서쪽 6km 지역
300,2017,3,31,3.3,17,35.78,129.2,경북 경주시 남남서쪽 7km 지역
299,2017,3,30,2,17,35.76,129.19,경북 경주시 남남서쪽 9km 지역
298,2017,3,28,2,16,35.79,129.2,경북 경주시 남남서쪽 5km 지역
297,2017,3,28,2.2,,37.17,125.48,인천 옹진군 연평도 남남서쪽 58km 해역
296,2017,3,27,2,9,35.21,126.95,광주 북구 북동쪽 5km 지역
295,2017,3,21,2.4,,38.52,126.03,북한 황해북도 사리원 동쪽 23km 지역
294,2017,3,19,2.9,14,33.32,127.18,제주 서귀포시 성산 동남동쪽 29km 해역
293,2017,3,14,2.1,22,34.64,127.78,전남 여수시 남동쪽 17km 지역
292,2017,3,9,2,22,35.82,129.78,경북 포항시 남구 동남동쪽 43km 해역
291,2017,3,7,2.6,,37.75,129.71,강원 동해시 동북동쪽 58km 해역
290,2017,3,7,2.2,20,36.3,128.23,경북 구미시 북북서쪽 23km 지역
289,2017,3,6,2,,35.75,126.1,전북 부안군 위도 북서쪽 24km 해역
288,2017,3,5,2.1,7,37.77,129.7,강원 동해시 동북동쪽 58km 해역
287,2017,3,5,2.1,9,37.72,129.59,강원 동해시 동북동쪽 47km 해역
286,2017,3,5,2.4,8,37.74,129.69,강원 동해시 동북동쪽 56km 해역
285,2017,3,5,3.2,13,37.75,129.66,강원 동해시 동북동쪽 54km 해역
284,2017,3,5,2.4,17,35.75,129.17,경북 경주시 남남서쪽 11km 지역
283,2017,3,4,2.3,7,35.99,127.95,경북 김천시 남서쪽 22km 지역
282,2017,2,25,2.4,15,35.74,129.18,경북 경주시 남남서쪽 11km 지역
281,2017,2,25,2.2,19,35.74,129.17,경북 경주시 남남서쪽 12km 지역
280,2017,2,24,2.5,8,38.89,126.09,북한 평양 동남동쪽 33km 지역
279,2017,2,24,2.3,14,36.38,127.79,충북 옥천군 동북동쪽 21km 지역
278,2017,2,23,3.1,7,37.4,124.89,인천 백령도 남남동쪽 64km 해역
277,2017,2,22,2.1,14,35.77,129.18,경북 경주시 남남서쪽 8km 지역
276,2017,2,21,2.1,14,35.76,129.2,경북 경주시 남쪽 9km 지역
275,2017,2,18,2.4,17,35.23,126.94,광주 북구 북북동쪽 7km 지역
274,2017,2,18,2,15,33.23,126.18,제주 서귀포시 서쪽 35km 해역
273,2017,2,16,2.3,17,35.64,128.09,경남 합천군 북서쪽 11km 지역
272,2017,2,16,2.9,15,35.78,129.2,경북 경주시 남남서쪽 7km 지역
271,2017,2,12,2.3,22,35.69,129.58,울산 북구 동북동쪽 23km 해역
270,2017,2,10,2.6,,38.54,125.84,북한 황해북도 사리원 동북동쪽 8km 지역
269,2017,2,10,2.2,20,35.65,129.57,울산 북구 동북동쪽 20km 해역
268,2017,2,5,2.6,,39.61,127.64,북한 함경남도 함흥 남남동쪽 34km 해역
267,2017,2,5,2.5,21,33.61,126.73,제주 제주시 동북동쪽 22km 해역
266,2017,1,29,2.6,8,38.7,127.16,북한 강원 평강 북북서쪽 34km 지역
265,2017,1,26,2,,33.54,126.87,제주 제주시 동쪽 32km 해역
264,2017,1,24,2.6,16,35.77,129.17,경북 경주시 남남서쪽 9km 지역
263,2017,1,21,2.6,15,35.75,129.18,경북 경주시 남남서쪽 10km 지역
262,2017,1,18,2.5,,35.02,125.06,전남 신안군 흑산면 북서쪽 56km 해역
261,2017,1,17,2.8,6,38.71,125.86,북한 황해북도 송림 동쪽 20km 지역
260,2017,1,16,2.1,20,36.33,126.59,충남 보령시 서쪽 2km 지역
259,2017,1,16,2.7,21,33.64,127.51,전남 여수시 거문도 남남동쪽 47km 해역
258,2017,1,14,2.2,10,35.17,127.79,경남 하동군 북북동쪽 12km 지역
257,2017,1,11,2.1,20,36.44,128.42,경북 의성군 서북서쪽 27km 지역
256,2017,1,7,2.4,,38.69,125.73,북한 황해북도 송림 동남동쪽 10km 지역
255,2017,1,6,2.2,12,35.75,129.18,경북 경주시 남남서쪽 10km 지역
254,2017,1,6,3.3,12,35.75,129.17,경북 경주시 남남서쪽 11km 지역
253,2017,1,4,2.5,18,36.58,129.24,경북 영덕군 북북서쪽 22km 지역
252,2016,12,31,2.6,,39.31,126.27,북한 평안남도 성천군 북북동쪽 9km 지역
251,2016,12,30,2.5,10,38.64,125.76,북한 황해북도 사리원시 북쪽 15km 지역
250,2016,12,29,2.3,9,36.12,129.36,경북 포항시 북구 북쪽 9km 지역
249,2016,12,29,2.6,6,38.71,125.76,북한 황해북도 송림시 동남동쪽 11km 지역
248,2016,12,25,2.5,11,35.78,129.31,경북 경주시 남동쪽 11km 지역
247,2016,12,25,2.4,17,35.25,129.39,부산 기장군 동쪽 15km 해역
246,2016,12,23,2.2,10,36.12,129.36,경북 포항시 북구 북쪽 9km 지역
245,2016,12,22,2.2,18,34.45,128.54,경남 통영시 매물도 남쪽 22km 해역
244,2016,12,15,2.1,14,35.76,129.19,경북 경주시 남남서쪽 9km 지역
243,2016,12,14,3.3,12,35.76,129.17,경북 경주시 남남서쪽 10km 지역
242,2016,12,14,2.1,12,36.54,128.08,경북 상주시 북북서쪽 16km 지역
241,2016,12,12,3.3,16,35.76,129.18,경북 경주시 남남서쪽 9km 지역
240,2016,12,12,2.2,13,35.76,129.18,경북 경주시 남남서쪽 9km 지역
239,2016,12,11,2.6,14,36.07,125.57,충남 태안군 서격렬비도 남쪽 59km 해역
238,2016,12,10,2,12,37.63,129.68,강원 삼척시 동북동쪽 50km 해역
237,2016,12,10,2.1,18,35.77,129.17,경북 경주시 남남서쪽 9km 지역
236,2016,12,9,2.4,8,35.69,129.36,경북 경주시 남동쪽 21km 지역
235,2016,12,7,2.4,,37.18,125.48,인천 옹진군 연평도 남남서쪽 57km 해역
234,2016,12,5,2.1,21,35.81,129.72,경북 포항시 남구 남동쪽 39km 해역
233,2016,12,5,2.1,14,35.77,129.18,경북 경주시 남남서쪽 8km 지역
232,2016,12,2,2.1,14,35.76,129.19,경북 경주시 남남서쪽 9km 지역
231,2016,11,29,2.9,17,33.4,125.72,제주 제주시 고산 서북서쪽 43km 해역
230,2016,11,28,2.2,10,38.49,126.14,북한 황해북도 평산군 북서쪽 28km 지역
229,2016,11,28,2.4,18,35.77,129.19,경북 경주시 남남서쪽 8km 지역
228,2016,11,27,2.2,12,36.02,127.39,충남 금산군 남서쪽 13km 지역
227,2016,11,27,2.5,10,36.34,127.33,대전 유성구 남서쪽 3km 지역
226,2016,11,25,2.3,14,35.75,129.17,경북 경주시 남남서쪽 11km 지역
225,2016,11,19,2.1,14,35.76,129.19,경북 경주시 남남서쪽 9km 지역
224,2016,11,18,2,13,35.51,128.09,경남 합천군 남서쪽 9km 지역
223,2016,11,16,2.1,6,34.86,125.08,전남 신안군 흑산면 서북서쪽 43km 해역
222,2016,11,15,2,18,35.76,129.19,경북 경주시 남남서쪽 9km 지역
221,2016,11,15,2.5,9,38.35,128.09,북한 강원도 금강군 남남동쪽 29km 지역
220,2016,11,13,3.5,10,36.36,126.63,충남 보령시 북북동쪽 4km 지역
219,2016,11,13,2.3,,38.76,125.66,북한 황해북도 송림시 북동쪽 3km 지역
218,2016,11,10,2.5,18,36.46,129.89,경북 영덕군 동쪽 47km 해역
217,2016,11,9,2.3,20,36.55,129.6,경북 영덕군 북동쪽 26km 해역
216,2016,11,6,3.5,12,33.76,125.07,전남 신안군 흑산면 남남서쪽 106km 해역
215,2016,11,3,2.6,16,35.32,128.49,경남 함안군 북동쪽 9km 지역
214,2016,11,3,2.3,11,35.76,129.19,경북 경주시 남남서쪽 9km 지역
213,2016,11,3,2.3,18,35.76,129.19,경북 경주시 남남서쪽 9km 지역
212,2016,11,3,2.1,14,35.75,129.18,경북 경주시 남남서쪽 10km 지역
211,2016,11,2,2.3,10,33.53,126.88,제주 제주시 동쪽 33km 지역
210,2016,10,25,2.4,8,35.7,129.37,경북 경주시 남동쪽 21km 지역
209,2016,10,25,2,15,35.76,129.19,경북 경주시 남남서쪽 9km 지역
208,2016,10,24,2.2,7,37.25,127.02,경기 수원시 권선구 동쪽 4km 지역
207,2016,10,23,2.7,14,35.78,129.2,경북 경주시 남남서쪽 7km 지역
206,2016,10,21,2.6,12,35.75,129.17,경북 경주시 남남서쪽 11km 지역
205,2016,10,21,2.2,14,36.46,126.87,충남 청양군 동쪽 6km 지역
204,2016,10,20,2.4,15,35.76,129.19,경북 경주시 남남서쪽 9km 지역
203,2016,10,15,2.2,12,35.76,129.17,경북 경주시 남남서쪽 10km 지역
202,2016,10,15,2.5,16,35.74,129.18,경북 경주시 남남서쪽 11km 지역
201,2016,10,14,2.3,15,35.76,129.19,경북 경주시 남남서쪽 9km 지역
200,2016,10,12,2.9,18,35.76,129.18,경북 경주시 남남서쪽 9km 지역
199,2016,10,10,3.3,17,35.75,129.18,경북 경주시 남남서쪽 10km 지역
198,2016,10,9,2.2,11,35.08,126.93,광주 동구 남쪽 7km 지역
197,2016,10,7,2.2,16,35.77,129.23,경북 경주시 남쪽 10km 지역
196,2016,10,5,2.3,35,38.76,125.62,북한 황해북도 송림시 북북서쪽 3km 지역
195,2016,10,4,2.6,15,35.76,129.19,경북 경주시 남남서쪽9km 지역
194,2016,10,2,3,18,35.75,129.19,경북 경주시 남남서쪽10km 지역
193,2016,10,1,2.3,15,35.76,129.18,경북 경주시 남남서쪽 9km 지역
192,2016,10,1,2,15,35.76,129.18,경북 경주시 남남서쪽 9km 지역
191,2016,9,30,2.2,15,35.75,129.18,경북 경주시 남남서쪽 10km 지역
190,2016,9,30,2.3,16,35.76,129.16,경북 경주시 남남서쪽 10km 지역
189,2016,9,30,2,17,35.77,129.16,경북 경주시 남남서쪽 9km 지역
188,2016,9,30,2.1,15,35.76,129.18,경북 경주시 남남서쪽 9km 지역
187,2016,9,28,2.7,15,35.77,129.17,경북 경주시 남남서쪽 9km 지역
186,2016,9,28,2.6,,38.74,125.73,북한 황해북도 송림시 동쪽 8km 지역
185,2016,9,28,2.8,,38.74,125.69,북한 황해북도 송림시 동쪽 5km 지역
184,2016,9,28,3.1,13,35.76,129.18,경북 경주시 남남서쪽 9km 지역
183,2016,9,24,2.5,15,35.79,129.19,경북 경주시 남남서쪽 6km 지역
182,2016,9,23,2.1,17,35.76,129.18,경북 경주시 남남서쪽 9km 지역
181,2016,9,22,2.1,14,35.76,129.18,경북 경주시 남남서쪽 9km 지역
180,2016,9,22,2.3,16,35.76,129.18,경북 경주시 남남서쪽 9km 지역
179,2016,9,21,3.5,18,35.75,129.18,경북 경주시 남남서쪽 10km 지역
178,2016,9,21,2.2,16,35.78,129.15,경북 경주시 남서쪽 9km 지역
177,2016,9,21,2.9,14,35.77,129.18,경북 경주시 남남서쪽 8km 지역
176,2016,9,21,2.1,17,35.76,129.18,경북 경주시 남남서쪽 9km 지역
175,2016,9,20,2.1,17,35.77,129.19,경북 경주시 남남서쪽 8km 지역
174,2016,9,20,2.5,,38.36,128.09,북한 강원도 양구군 북북동쪽 29km 지역
173,2016,9,20,2.4,19,35.76,129.2,경북 경주시 남쪽 9km 지역
172,2016,9,19,2.1,18,35.75,129.17,경북 경주시 남남서쪽 11km 지역
171,2016,9,19,4.5,14,35.74,129.18,경북 경주시 남남서쪽 11km 지역
170,2016,9,19,2.1,17,35.76,129.17,경북 경주시 남남서쪽 10km 지역
169,2016,9,18,2,14,35.75,129.18,경북 경주시 남남서쪽 10km 지역
168,2016,9,18,2.4,16,35.76,129.17,경북 경주시 남남서쪽 10km 지역
167,2016,9,17,2.1,18,35.76,129.18,경북 경주시 남남서쪽 9km 지역
166,2016,9,17,2.1,17,35.76,129.18,경북 경주시 남남서쪽 9km 지역
165,2016,9,16,2.2,18,35.76,129.18,경북 경주시 남남서쪽 9km 지역
164,2016,9,16,2.1,13,35.74,129.17,경북 경주시 남남서쪽 12km 지역
163,2016,9,16,2,16,35.76,129.18,경북 경주시 남남서쪽 10km 지역
162,2016,9,16,2,19,35.75,129.18,경북 경주시 남남서쪽 10km 지역
161,2016,9,16,2.3,16,35.76,129.17,경북 경주시 남남서쪽 10km 지역
160,2016,9,16,2.2,18,35.78,129.19,경북 경주시 남남서쪽 7km 지역
159,2016,9,15,2.6,19,35.76,129.19,경북 경주시 남남서쪽 9km 지역
158,2016,9,15,2.2,20,35.77,129.19,경북 경주시 남남서쪽 8km 지역
157,2016,9,15,2.7,18,35.76,129.18,경북 경주시 남쪽 9km 지역
156,2016,9,14,2.4,18,35.76,129.17,경북 경주시 남남서쪽 10km 지역
155,2016,9,14,2.3,18,35.77,129.17,경북 경주시 남남서쪽 9km 지역
154,2016,9,14,2.1,17,35.77,129.18,경북 경주시 남남서쪽 8km 지역
153,2016,9,14,2.2,18,35.78,129.19,경북 경주시 남남서쪽 7km 지역
152,2016,9,14,2.4,15,33.93,126.62,전남 완도군 남남서쪽 44km 해역
151,2016,9,14,2.1,17,35.77,129.17,경북 경주시 남남서쪽 9km 지역
150,2016,9,14,2.4,19,35.76,129.18,경북 경주시 남남서쪽 9km 지역
149,2016,9,14,2.1,17,35.77,129.18,경북 경주시 남남서쪽 8km 지역
148,2016,9,14,3,13,35.75,129.18,경북 경주시 남남서쪽 11km 지역
147,2016,9,13,2.3,14,35.73,129.36,경북 경주시 남동쪽 18km 지역
146,2016,9,13,2.1,16,35.76,129.17,경북 경주시 남남서쪽 10km 지역
145,2016,9,13,2.1,18,35.76,129.18,경북 경주시 남남서쪽 9km 지역
144,2016,9,13,2,17,35.77,129.18,경북 경주시 남남서쪽 9km 지역
143,2016,9,13,2.5,19,35.75,129.18,경북 경주시 남남서쪽 10km 지역
142,2016,9,13,2,18,35.75,129.17,경북 경주시 남남서쪽 10km 지역
141,2016,9,13,2.5,17,35.76,129.2,경북 경주시 남쪽 9km 지역
140,2016,9,13,2.1,16,35.76,129.17,경북 경주시 남남서쪽 10km 지역
139,2016,9,13,3,14,35.76,129.18,경북 경주시 남남서쪽 9km 지역
138,2016,9,13,2.1,16,35.77,129.17,경북 경주시 남남서쪽 9km 지역
137,2016,9,13,2.4,16,35.77,129.17,경북 경주시 남남서쪽 9km 지역
136,2016,9,13,2.3,16,35.77,129.17,경북 경주시 남남서쪽 9km 지역
135,2016,9,13,2,18,35.76,129.16,경북 경주시 남남서쪽 10km 지역
134,2016,9,13,2.2,18,35.78,129.19,경북 경주시 남남서쪽 7km 지역
133,2016,9,13,2,18,35.76,129.18,경북 경주시 남남서쪽 9km 지역
132,2016,9,13,2.2,18,35.76,129.18,경북 경주시 남남서쪽 9km 지역
131,2016,9,13,2,18,35.76,129.18,경북 경주시 남남서쪽 9km 지역
130,2016,9,13,2.3,18,35.78,129.19,경북 경주시 남남서쪽 7km 지역
129,2016,9,13,2.3,17,35.76,129.18,경북 경주시 남남서쪽 9km 지역
128,2016,9,13,2.3,17,35.76,129.17,경북 경주시 남남서쪽 10km 지역
127,2016,9,13,3.2,14,35.76,129.17,경북 경주시 남남서쪽 10km 지역
126,2016,9,13,2.4,17,35.77,129.18,경북 경주시 남남서쪽 8km 지역
125,2016,9,13,2.1,18,35.77,129.19,경북 경주시 남남서쪽 8km 지역
124,2016,9,13,2,16,35.78,129.18,경북 경주시 남남서쪽 7km 지역
123,2016,9,13,2.3,19,35.77,129.18,경북 경주시 남남서쪽 8km 지역
122,2016,9,13,2,16,35.77,129.18,경북 경주시 남남서쪽 9km 지역
121,2016,9,13,2,15,35.77,129.19,경북 경주시 남남서쪽 8km 지역
120,2016,9,13,2.1,17,35.76,129.17,경북 경주시 남남서쪽 10km 지역
119,2016,9,13,2.1,16,35.78,129.19,경북 경주시 남남서쪽 7km 지역
118,2016,9,13,2.1,17,35.75,129.17,경북 경주시 남남서쪽 11km 지역
117,2016,9,13,2,17,35.75,129.18,경북 경주시 남남서쪽 10km 지역
116,2016,9,13,2.2,14,35.78,129.19,경북 경주시 남남서쪽 7km 지역
115,2016,9,13,2.1,17,35.76,129.17,경북 경주시 남남서쪽 10km 지역
114,2016,9,13,2.5,17,35.77,129.18,경북 경주시 남남서쪽 8km 지역
113,2016,9,13,2.2,17,35.77,129.18,경북 경주시 남남서쪽 8km 지역
112,2016,9,13,2.3,17,35.75,129.17,경북 경주시 남남서쪽 11km 지역
111,2016,9,13,2,16,35.77,129.18,경북 경주시 남남서쪽 8km 지역
110,2016,9,13,2.2,17,35.75,129.19,경북 경주시 남남서쪽 10km 지역
109,2016,9,13,2,17,35.77,129.17,경북 경주시 남남서쪽 9km 지역
108,2016,9,13,2.2,17,35.76,129.18,경북 경주시 남남서쪽 9km 지역
107,2016,9,13,3.1,19,35.78,129.21,경북 경주시 남쪽 6km 지역
106,2016,9,13,2.1,16,35.76,129.19,경북 경주시 남남서쪽 9km 지역
105,2016,9,13,2.5,18,35.76,129.19,경북 경주시 남남서쪽 9km 지역
104,2016,9,13,2,15,35.76,129.18,경북 경주시 남남서쪽 9km 지역
103,2016,9,13,2,17,35.76,129.18,경북 경주시 남남서쪽 9km 지역
102,2016,9,13,2.2,16,35.76,129.19,경북 경주시 남남서쪽 9km 지역
101,2016,9,12,2.2,16,35.77,129.19,경북 경주시 남남서쪽 8km 지역
100,2016,9,12,3.1,18,35.75,129.18,경북 경주시 남남서쪽 10km 지역
99,2016,9,12,3,17,35.76,129.17,경북 경주시 남남서쪽 8km 지역
98,2016,9,12,2.1,13,35.77,129.19,경북 경주시 남남서쪽 8km 지역
97,2016,9,12,2.4,17,35.77,129.18,경북 경주시 남남서쪽 8km 지역
96,2016,9,12,2.2,17,35.76,129.18,경북 경주시 남남서쪽 9km 지역
95,2016,9,12,2,17,35.77,129.18,경북 경주시 남남서쪽 8km 지역
94,2016,9,12,2.5,15,35.76,129.18,경북 경주시 남남서쪽 9km 지역
93,2016,9,12,2.4,17,35.76,129.19,경북 경주시 남남서쪽 9km 지역
92,2016,9,12,2,18,35.76,129.18,경북 경주시 남남서쪽 9km 지역
91,2016,9,12,2.1,16,35.77,129.19,경북 경주시 남남서쪽 8km 지역
90,2016,9,12,2.1,12,35.77,129.19,경북 경주시 남남서쪽 8km 지역
89,2016,9,12,2.2,16,35.76,129.16,경북 경주시 남남서쪽 10km 지역
88,2016,9,12,2.6,18,35.76,129.19,경북 경주시 남남서쪽 9km 지역
87,2016,9,12,2.3,17,35.76,129.02,경북 경주시 서남서쪽 20km 지역
86,2016,9,12,2.8,19,35.78,129.18,경북 경주시 남남서쪽 7km 지역
85,2016,9,12,2.1,13,35.76,129.18,경북 경주시 남남서쪽 9km 지역
84,2016,9,12,2.2,15,35.77,129.19,경북 경주시 남남서쪽 8km 지역
83,2016,9,12,2,15,35.77,129.19,경북 경주시 남남서쪽 8km 지역
82,2016,9,12,2.5,18,35.77,129.18,경북 경주시 남남서쪽 8km 지역
81,2016,9,12,2.1,16,35.77,129.17,경북 경주시 남남서쪽 9km 지역
80,2016,9,12,2,11,35.76,129.18,경북 경주시 남남서쪽 9km 지역
79,2016,9,12,2.6,16,35.75,129.16,경북 경주시 남남서쪽 11km 지역
78,2016,9,12,2.9,16,35.76,129.19,경북 경주시 남남서쪽 9km 지역
77,2016,9,12,2.2,14,35.81,129.23,경북 경주시 남남동쪽 3km 지역
76,2016,9,12,2.4,16,35.76,129.17,경북 경주시 남남서쪽 10km 지역
75,2016,9,12,2.7,14,35.78,129.2,경북 경주시 남남서쪽 7km 지역
74,2016,9,12,2.3,15,35.76,129.17,경북 경주시 남남서쪽 10km 지역
73,2016,9,12,2.5,17,35.76,129.18,경북 경주시 남남서쪽 9km 지역
72,2016,9,12,2.4,13,35.76,129.19,경북 경주시 남남서쪽 9km 지역
71,2016,9,12,2.5,13,35.79,129.2,경북 경주시 남남서쪽 5km 지역
70,2016,9,12,3,17,35.76,129.18,경북 경주시 남남서쪽 9km 지역
69,2016,9,12,3,16,35.77,129.19,경북 경주시 남남서쪽 8km 지역
68,2016,9,12,3,15,35.78,129.2,경북 경주시 남남서쪽 7km 지역
67,2016,9,12,3.4,13,35.75,129.18,경북 경주시 남남서쪽 10km 지역
66,2016,9,12,3.6,12,35.78,129.19,경북 경주시 남남서쪽 7km 지역
65,2016,9,12,5.8,15,35.76,129.19,경북 경주시 남남서쪽 8.7km 지역
64,2016,9,12,2.5,17,35.77,129.2,경북 경주시 남쪽 8km 지역
63,2016,9,12,2.3,18,35.76,129.19,경북 경주시 남남서쪽 9km 지역
62,2016,9,12,3.1,18,35.77,129.18,경북 경주시 남남서쪽 8km 지역
61,2016,9,12,2.7,13,35.76,129.17,경북 경주시 남남서쪽 10km 지역
60,2016,9,12,2.7,18,35.76,129.18,경북 경주시 남남서쪽 9km 지역
59,2016,9,12,2.6,21,35.76,129.19,경북 경주시 남남서쪽 9km 지역
58,2016,9,12,2.5,20,35.77,129.18,경북 경주시 남남서쪽 8km 지역
57,2016,9,12,2.4,19,35.78,129.16,경북 경주시 남서쪽 8km 지역
56,2016,9,12,2.4,18,35.76,129.18,경북 경주시 남남서쪽 9km 지역
55,2016,9,12,2.1,16,35.77,129.19,경북 경주시 남남서쪽 8km 지역
54,2016,9,12,2.2,13,35.77,129.18,경북 경주시 남남서쪽 8km 지역
53,2016,9,12,3.1,16,35.77,129.19,경북 경주시 남남서쪽 8km 지역
52,2016,9,12,2.2,14,35.76,129.19,경북 경주시 남남서쪽 9km 지역
51,2016,9,12,2.4,12,35.78,129.2,경북 경주시 남남서쪽 7km 지역
50,2016,9,12,5.1,15,35.77,129.19,경북 경주시 남남서쪽 8.2km 지역
49,2016,8,30,2.6,18,35.55,128.03,경남 합천군 서쪽 13km 지역
48,2016,8,28,2.1,7,35.65,127.48,전북 장수군 서쪽 4km 지역
47,2016,8,28,2.4,14,38.65,127.16,북한 강원도 평강 북북서쪽 29km 지역
46,2016,8,20,2.9,18,33.48,127.31,제주 서귀포시 성산 동북동쪽 41km 해역
45,2016,8,20,3,7,38.38,128.09,북한 강원도 양구군 북북동쪽 32km 지역
44,2016,8,18,2.6,5,38.84,125.7,북한 황해북도 송림시 북북동쪽 13km 지역
43,2016,8,18,2.1,,37.18,125.46,인천 옹진군 연평도 남남서쪽 58km 해역
42,2016,8,17,2.9,,38.35,128.09,북한 강원도 양구군 북북동쪽 28km 지역
41,2016,8,16,2.4,14,36.75,128.84,경북 안동시 북북동쪽 22km 지역
40,2016,7,30,2.3,13,33.06,126.33,제주 서귀포시 남서쪽 27km 해역
39,2016,7,14,2.8,12,35.12,130.24,울산 동구 동남동쪽 86km 해역
38,2016,7,13,2,9,36.8,128.53,경북 영주시 서쪽 9km 지역
37,2016,7,9,2.6,,38.69,125.83,북한 황해북도 송림시 동남동쪽 18km 지역
36,2016,7,9,2.3,18,35.48,129.97,울산 동구 동쪽 50km 해역
35,2016,7,5,2.6,24,35.51,129.87,울산 동구 동쪽 41km 해역
34,2016,7,5,5,19,35.51,129.99,울산 동구 동쪽 52km 해역
33,2016,6,25,2.6,,38.74,125.86,북한 황해북도 송림시 20km 지역
32,2016,6,21,3.1,,39.49,126.19,북한 평안남도 성천군 북쪽 28km 지역
31,2016,6,15,2.6,20,35.87,129.69,경북 포항시 남구 동남동쪽 33km 해역
30,2016,6,13,2.7,8,34.3,124.68,전남 신안군 흑산면 서남서쪽 82km 해역
29,2016,6,7,2.3,12,33.05,126.17,제주 제주시 고산 남쪽 27km 해역
28,2016,6,5,2.2,17,36,129.58,경북 포항시 남구 동쪽 20km 해역
27,2016,6,3,3,10,36.39,127.92,경북 상주시 서쪽 22km 지역
26,2016,5,24,2.3,16,33.61,125.56,제주 제주시 고산 서북서쪽 66km 해역
25,2016,5,22,3.5,21,40.68,127.15,북한 함경남도 장진군 북북서쪽 34km 지역
24,2016,5,3,2.4,,37.11,129.02,강원 태백시 남남동쪽 7km 지역
23,2016,4,30,2.6,19,37.75,125.4,북한 황해남도 옹진군 남쪽 20km 지역
22,2016,4,28,2.4,10,35.42,128.56,경남 창녕군 남남동쪽 15km 지역
21,2016,4,27,2.3,15,35.57,128.34,경남 합천군 동쪽 16km 지역
20,2016,4,25,2.3,22,33.51,125.91,제주 제주시 고산 북서쪽 34km 해역
19,2016,4,21,2.7,10,33.53,125.89,제주 제주시 고산 북서쪽 36km 해역
18,2016,4,21,2.7,18,33.52,125.92,제주 제주시 고산 북서쪽 34km 해역
17,2016,4,13,2.1,17,35.92,127.93,경북 김천시 남남서쪽 28km 지역
16,2016,3,28,2.9,13,35.22,127.96,경남 진주시 서북서쪽 12km 지역
15,2016,3,27,3.1,7,39.38,126.06,북한 평안남도 성천시 북서쪽 20km 지역
14,2016,3,27,2.3,12,35.33,130.04,울산 동구 동남동쪽 59km 해역
13,2016,3,15,2.5,13,37.6,129.82,강원 삼척시 동북동쪽 60km 해역
12,2016,3,15,2.7,16,36.31,128.21,경북 상주시 남남동쪽 12km 지역
11,2016,3,14,3.1,8,38.71,125.87,북한 황해북도 송림시 동쪽 21km 지역
10,2016,3,5,3.3,,35.61,129.82,울산 동구 동북동쪽 38km 해역
9,2016,3,2,2.7,,36.35,127.2,충남 공주시 남동쪽 13km 지역
8,2016,2,28,2.5,6,38.73,125.85,북한 황해북도 송림시 동쪽 19km 지역
7,2016,2,26,2.2,14,33.23,127.19,제주 서귀포시 성산 동남동쪽 34km 해역
6,2016,2,24,2.9,20,33.52,125.92,제주 제주시 고산 북서쪽 34km 해역
5,2016,2,11,3.1,17,36.21,127.48,충남 금산군 북쪽 12km 지역
4,2016,1,31,2,28,36.95,129.92,경북 울진군 동쪽 46 km 해역
3,2016,1,25,2.3,20,36.22,128.69,경북 의성군 남쪽 14km 지역
2,2016,1,23,2.4,7,38.42,126.25,북한 황해북도 평산군 북서쪽 16km 지역
1,2016,1,6,3,7,36.01,128.07,경북 김천시 남쪽 14km 지역
